song_name,song_id,popularity,release_date,release_date_precision,external_ids,spotify_url,artists,danceability,energy,key,loudness,mode,speechiness,acousticness,instrumentalness,liveness,valence,tempo,duration_ms
Could You Be Loved,5O4erNlJ74PIF6kGol1ZrC,82,1980-06-10,day,{'isrc': 'USIR28000016'},https://open.spotify.com/track/5O4erNlJ74PIF6kGol1ZrC,"[{'artist_name': 'Bob Marley & The Wailers', 'artist_id': '2QsynagSdAqZj3U9HgDzjD'}]",,,,,,,,,,,,
Little Jeannie,19Kf8FxBJ5a1Bb8uKCrIIe,55,1980-05-13,day,{'isrc': 'GBA098000020'},https://open.spotify.com/track/19Kf8FxBJ5a1Bb8uKCrIIe,"[{'artist_name': 'Elton John', 'artist_id': '3PhoLpVuITZKcymswpck5b'}]",,,,,,,,,,,,
Passion,0vZCwj0Mq5uS8GwSIYo6Y7,43,1980,year,{'isrc': 'USWB10404785'},https://open.spotify.com/track/0vZCwj0Mq5uS8GwSIYo6Y7,"[{'artist_name': 'Rod Stewart', 'artist_id': '2y8Jo9CKhJvtfeKOsYzRdT'}]",0.692,0.525,9.0,-12.691,1.0,0.0373,0.0212,0.0019,0.0944,0.0879,103.679,333200.0
Master Blaster (Jammin'),6NjYhDWaI8jKgcSU0ZsJuz,63,1980-09-29,day,{'isrc': 'USUMG9900475'},https://open.spotify.com/track/6NjYhDWaI8jKgcSU0ZsJuz,"[{'artist_name': 'Stevie Wonder', 'artist_id': '7guDJrEfX3qb6FEbdPA5qi'}]",,,,,,,,,,,,
Super Trouper,0J2p4KYdr6Mg4ET6JPlbe1,74,1980,year,{'isrc': 'SEAYD8001010'},https://open.spotify.com/track/0J2p4KYdr6Mg4ET6JPlbe1,"[{'artist_name': 'ABBA', 'artist_id': '0LcJLqbBmaGUft1e9Mm8HV'}]",,,,,,,,,,,,
Don't Stand So Close To Me,5veJDT0MLsLbhYsx42GXUD,71,1980-10-03,day,{'isrc': 'GBAAM0201148'},https://open.spotify.com/track/5veJDT0MLsLbhYsx42GXUD,"[{'artist_name': 'The Police', 'artist_id': '5NGO30tJxFlKixkPSgXcFE'}]",0.799,0.506,2.0,-9.414,1.0,0.0606,0.0453,0.00107,0.0365,0.518,140.309,242667.0
It's Still Rock and Roll to Me,64UioB4Nmwgn2f4cbIpAkl,69,1980-03-12,day,{'isrc': 'USSM18000211'},https://open.spotify.com/track/64UioB4Nmwgn2f4cbIpAkl,"[{'artist_name': 'Billy Joel', 'artist_id': '6zFYqv1mOsgBRQbae3JJ9e'}]",0.752,0.684,0.0,-7.599,1.0,0.15,0.0994,0.0,0.0897,0.539,141.075,176440.0
Woman in Love,1pTGc8pwyo6xtgXBKCBcFn,67,1980-09-23,day,{'isrc': 'USSM10006441'},https://open.spotify.com/track/1pTGc8pwyo6xtgXBKCBcFn,"[{'artist_name': 'Barbra Streisand', 'artist_id': '7jmTilWYlKOuavFfmQAcu6'}]",0.469,0.278,3.0,-16.311,0.0,0.028,0.248,0.000126,0.133,0.331,169.735,231840.0
Flash's Theme - Remastered 2011,5JEOUFbvcqe06BOo229jgF,32,1980-12-05,day,{'isrc': 'GBUM71103355'},https://open.spotify.com/track/5JEOUFbvcqe06BOo229jgF,"[{'artist_name': 'Queen', 'artist_id': '1dfeR4HaWDbWqFHLkxsg1d'}]",,,,,,,,,,,,
I'm Coming Out,3SnGymj6ijE2iuUfWxLo1q,71,1980-05-22,day,{'isrc': 'USMO18000073'},https://open.spotify.com/track/3SnGymj6ijE2iuUfWxLo1q,"[{'artist_name': 'Diana Ross', 'artist_id': '3MdG05syQeRYPPcClLaUGl'}]",0.72,0.828,5.0,-9.211,1.0,0.0463,0.185,0.433,0.0839,0.768,110.07,323347.0
Another One Bites The Dust - Remastered 2011,57JVGBtBLCfHw2muk5416J,72,1980-06-27,day,{'isrc': 'GBUM71029605'},https://open.spotify.com/track/57JVGBtBLCfHw2muk5416J,"[{'artist_name': 'Queen', 'artist_id': '1dfeR4HaWDbWqFHLkxsg1d'}]",0.933,0.528,5.0,-6.472,0.0,0.162,0.112,0.329,0.163,0.756,109.975,214653.0
The Winner Takes It All,3oEkrIfXfSh9zGnE7eBzSV,77,1980,year,{'isrc': 'SEAYD8001020'},https://open.spotify.com/track/3oEkrIfXfSh9zGnE7eBzSV,"[{'artist_name': 'ABBA', 'artist_id': '0LcJLqbBmaGUft1e9Mm8HV'}]",,,,,,,,,,,,
Coming Up - Remastered 2011,4Ku6X72Q815qNd7ChuiDdD,50,1980-05-16,day,{'isrc': 'GBCCS1000191'},https://open.spotify.com/track/4Ku6X72Q815qNd7ChuiDdD,"[{'artist_name': 'Paul McCartney', 'artist_id': '4STHEaNw4mPZ2tzheohgXB'}]",,,,,,,,,,,,
Emotional Rescue - Remastered 2009,5IATbFZds3cbOx8YxuMuko,53,1980-06-20,day,{'isrc': 'GBUM70909391'},https://open.spotify.com/track/5IATbFZds3cbOx8YxuMuko,"[{'artist_name': 'The Rolling Stones', 'artist_id': '22bE4uQ6baNwSHPVcDxLCe'}]",0.678,0.621,5.0,-5.478,1.0,0.0623,0.111,0.0973,0.0394,0.776,113.389,339400.0
Ashes to Ashes - 2017 Remaster,37CRPk0L5ZpfPeePEPwE0t,62,1980,year,{'isrc': 'USJT11700046'},https://open.spotify.com/track/37CRPk0L5ZpfPeePEPwE0t,"[{'artist_name': 'David Bowie', 'artist_id': '0oSGxfWSnnOXhD2fKuz2Gy'}]",,,,,,,,,,,,
Guilty (feat. Barry Gibb),60mGckXEG1EzR4VmjYLfEW,63,1980-09-23,day,{'isrc': 'USSM10209145'},https://open.spotify.com/track/60mGckXEG1EzR4VmjYLfEW,"[{'artist_name': 'Barbra Streisand', 'artist_id': '7jmTilWYlKOuavFfmQAcu6'}, {'artist_name': 'Barry Gibb', 'artist_id': '7Hd38PVp634oGEb9pIDs5d'}]",,,,,,,,,,,,
Hungry Heart,1KsI8NEeAna8ZIdojI3FiT,72,1980-10-17,day,{'isrc': 'USSM18000402'},https://open.spotify.com/track/1KsI8NEeAna8ZIdojI3FiT,"[{'artist_name': 'Bruce Springsteen', 'artist_id': '3eqjTLE0HfPfh78zjh6TqT'}]",0.641,0.894,8.0,-7.41,1.0,0.0273,0.0857,0.009,0.157,0.972,109.823,199453.0
"De Do Do Do, De Da Da Da",0yJvWbn8xQKiDZ84VN5lQG,63,1980-10-03,day,{'isrc': 'GBAAM0201154'},https://open.spotify.com/track/0yJvWbn8xQKiDZ84VN5lQG,"[{'artist_name': 'The Police', 'artist_id': '5NGO30tJxFlKixkPSgXcFE'}]",0.78,0.523,9.0,-8.884,1.0,0.051,0.06,0.0629,0.24,0.855,147.86,247293.0
Love On The Rocks,5nbo7FhmOoAQiKnpAcdhqL,48,1996-10-29,day,{'isrc': 'USSM18000081'},https://open.spotify.com/track/5nbo7FhmOoAQiKnpAcdhqL,"[{'artist_name': 'Neil Diamond', 'artist_id': '7mEIug7XUlQHikrFxjTWes'}]",,,,,,,,,,,,
(Just Like) Starting Over - Remastered 2010,5y0YreEOnQiKFAnCrcFIXz,58,1980-11-17,day,{'isrc': 'USTO11000015'},https://open.spotify.com/track/5y0YreEOnQiKFAnCrcFIXz,"[{'artist_name': 'John Lennon', 'artist_id': '4x1nvY2FN8jxqAFA0DA02H'}]",0.701,0.79,9.0,-6.16,1.0,0.0725,0.301,6.06e-05,0.179,0.421,99.104,236547.0
Crazy Little Thing Called Love - Remastered 2011,35ItUJlMtjOQW3SSiTCrrw,68,1980-06-27,day,{'isrc': 'GBUM71029612'},https://open.spotify.com/track/35ItUJlMtjOQW3SSiTCrrw,"[{'artist_name': 'Queen', 'artist_id': '1dfeR4HaWDbWqFHLkxsg1d'}]",0.599,0.762,0.0,-6.887,1.0,0.0423,0.714,4.43e-06,0.35,0.715,76.961,163373.0
Upside Down,3pbtBomO4Zt5gGiqsYeiBH,70,1980-05-22,day,{'isrc': 'USMO18000379'},https://open.spotify.com/track/3pbtBomO4Zt5gGiqsYeiBH,"[{'artist_name': 'Diana Ross', 'artist_id': '3MdG05syQeRYPPcClLaUGl'}]",0.873,0.855,5.0,-8.559,0.0,0.0615,0.178,0.0282,0.0377,0.884,107.868,245600.0
"Theme From New York, New York - 2008 Remastered",0K2WjMLZYr09LKwurGRYRE,66,2008-05-13,day,{'isrc': 'USRH10723042'},https://open.spotify.com/track/0K2WjMLZYr09LKwurGRYRE,"[{'artist_name': 'Frank Sinatra', 'artist_id': '1Mxqyy3pSjf8kZZL4QVxS0'}]",,,,,,,,,,,,
In The Air Tonight - 2015 Remastered,18AXbzPzBS8Y3AkgSxzJPb,79,1981-01-01,day,{'isrc': 'USAT21502120'},https://open.spotify.com/track/18AXbzPzBS8Y3AkgSxzJPb,"[{'artist_name': 'Phil Collins', 'artist_id': '4lxfqrEsLX6N1N4OCSkILp'}]",0.446,0.239,0.0,-13.945,1.0,0.0316,0.551,4.1e-06,0.0697,0.298,189.507,336453.0
Tonight I'm Yours (Don't Hurt Me),5sgVguJJlA7thC8ybAFOo5,44,1981,year,{'isrc': 'USWB10807933'},https://open.spotify.com/track/5sgVguJJlA7thC8ybAFOo5,"[{'artist_name': 'Rod Stewart', 'artist_id': '2y8Jo9CKhJvtfeKOsYzRdT'}]",0.68,0.826,9.0,-4.958,1.0,0.0671,0.0683,0.444,0.0861,0.963,158.314,251867.0
Young Turks,6sBA8b9bT8Z8G8TkVDvNTK,56,1981,year,{'isrc': 'USWB10807934'},https://open.spotify.com/track/6sBA8b9bT8Z8G8TkVDvNTK,"[{'artist_name': 'Rod Stewart', 'artist_id': '2y8Jo9CKhJvtfeKOsYzRdT'}]",,,,,,,,,,,,
All Those Years Ago,0dJajOxc0azdm1r329IJ2g,53,1981-06-01,day,{'isrc': 'GBEXP0300025'},https://open.spotify.com/track/0dJajOxc0azdm1r329IJ2g,"[{'artist_name': 'George Harrison', 'artist_id': '7FIoB5PHdrMZVC3q2HE5MS'}]",,,,,,,,,,,,
Spirits In The Material World,4frelkLhC4ATqJH9VGJztu,62,1981-10-02,day,{'isrc': 'GBAAM0201126'},https://open.spotify.com/track/4frelkLhC4ATqJH9VGJztu,"[{'artist_name': 'The Police', 'artist_id': '5NGO30tJxFlKixkPSgXcFE'}]",0.833,0.663,9.0,-7.859,0.0,0.058,0.273,0.016,0.0327,0.859,141.551,179067.0
Why Do Fools Fall In Love,618K2eozL0nM4nf0d8Q5r6,25,1981-09-14,day,{'isrc': 'USRC18104350'},https://open.spotify.com/track/618K2eozL0nM4nf0d8Q5r6,"[{'artist_name': 'Diana Ross', 'artist_id': '3MdG05syQeRYPPcClLaUGl'}]",0.652,0.8,4.0,-5.463,1.0,0.0738,0.52,7.56e-05,0.566,0.961,160.105,173413.0
Waiting for a Girl like You,2OgVsp77En2nju8pnCieVU,76,1981,year,{'isrc': 'USAT20803008'},https://open.spotify.com/track/2OgVsp77En2nju8pnCieVU,"[{'artist_name': 'Foreigner', 'artist_id': '6IRouO5mvvfcyxtPDKMYFN'}]",0.33,0.469,10.0,-9.286,0.0,0.0335,0.31,2.3e-06,0.0402,0.433,201.327,292067.0
Under Pressure - Remastered 2011,11IzgLRXV7Cgek3tEgGgjw,72,1982-05-03,day,{'isrc': 'GBUM71029622'},https://open.spotify.com/track/11IzgLRXV7Cgek3tEgGgjw,"[{'artist_name': 'Queen', 'artist_id': '1dfeR4HaWDbWqFHLkxsg1d'}, {'artist_name': 'David Bowie', 'artist_id': '0oSGxfWSnnOXhD2fKuz2Gy'}]",0.671,0.711,2.0,-7.813,1.0,0.0478,0.422,0.0,0.104,0.466,113.809,248440.0
Memory,0I3cUqffwmH2mMUHIfpC0l,53,1981,year,{'isrc': 'USSM10027234'},https://open.spotify.com/track/0I3cUqffwmH2mMUHIfpC0l,"[{'artist_name': 'Barbra Streisand', 'artist_id': '7jmTilWYlKOuavFfmQAcu6'}]",0.18,0.24,10.0,-14.889,1.0,0.0412,0.416,0.000696,0.105,0.119,75.535,235160.0
Every Little Thing She Does Is Magic,44aTAUBF0g6sMkMNE8I5kd,76,1981-10-02,day,{'isrc': 'GBAAM0201127'},https://open.spotify.com/track/44aTAUBF0g6sMkMNE8I5kd,"[{'artist_name': 'The Police', 'artist_id': '5NGO30tJxFlKixkPSgXcFE'}]",0.558,0.768,2.0,-9.997,1.0,0.0343,0.121,0.0626,0.124,0.429,81.909,260573.0
Woman - Remastered 2010,0GGxVTb0UwDwdaKNjBdCn3,70,1980-11-17,day,{'isrc': 'USTO11000024'},https://open.spotify.com/track/0GGxVTb0UwDwdaKNjBdCn3,"[{'artist_name': 'John Lennon', 'artist_id': '4x1nvY2FN8jxqAFA0DA02H'}]",0.588,0.656,3.0,-6.373,1.0,0.0224,0.378,0.00227,0.042,0.746,79.701,212933.0
Urgent,08onVqQ8YicJ98Ycm1qoLf,68,1981,year,{'isrc': 'USAT20803010'},https://open.spotify.com/track/08onVqQ8YicJ98Ycm1qoLf,"[{'artist_name': 'Foreigner', 'artist_id': '6IRouO5mvvfcyxtPDKMYFN'}]",0.855,0.803,4.0,-5.849,0.0,0.0316,0.342,0.00732,0.0841,0.962,114.867,271200.0
"Endless Love - From ""The Endless Love"" Soundtrack",0rt0dZ11FVsvprbarag5tk,57,1992-01-01,day,{'isrc': 'USMO18190008'},https://open.spotify.com/track/0rt0dZ11FVsvprbarag5tk,"[{'artist_name': 'Lionel Richie', 'artist_id': '3gMaNLQm7D9MornNILzdSl'}, {'artist_name': 'Diana Ross', 'artist_id': '3MdG05syQeRYPPcClLaUGl'}]",,,,,,,,,,,,
Start Me Up - Remastered 2009,7HKez549fwJQDzx3zLjHKC,76,1981-08-24,day,{'isrc': 'GBUM70909474'},https://open.spotify.com/track/7HKez549fwJQDzx3zLjHKC,"[{'artist_name': 'The Rolling Stones', 'artist_id': '22bE4uQ6baNwSHPVcDxLCe'}]",0.631,0.932,5.0,-4.142,1.0,0.0354,0.0436,0.137,0.0918,0.971,122.429,213067.0
Watching The Wheels - Remastered 2010,4fKhRRYn7F5shZItjJkPJU,57,1980-11-17,day,{'isrc': 'USTO11000022'},https://open.spotify.com/track/4fKhRRYn7F5shZItjJkPJU,"[{'artist_name': 'John Lennon', 'artist_id': '4x1nvY2FN8jxqAFA0DA02H'}]",,,,,,,,,,,,
One Of Us,40IHflbrHcOuC8ZcYxUSAC,61,1981,year,{'isrc': 'SEAYD8102060'},https://open.spotify.com/track/40IHflbrHcOuC8ZcYxUSAC,"[{'artist_name': 'ABBA', 'artist_id': '0LcJLqbBmaGUft1e9Mm8HV'}]",,,,,,,,,,,,
It's Raining Again,2bzBI23EJWHjXmGj3xlYaM,62,1982-10-06,day,{'isrc': 'USAM19500635'},https://open.spotify.com/track/2bzBI23EJWHjXmGj3xlYaM,"[{'artist_name': 'Supertramp', 'artist_id': '3JsMj0DEzyWc0VDlHuy9Bx'}]",0.603,0.674,10.0,-6.808,1.0,0.0295,0.62,0.00261,0.26,0.559,121.261,264240.0
Take It Away - Remixed 2015,2t2gZb03AlCSlBzbWeeHsM,34,1982-04-26,day,{'isrc': 'GBCCS1500004'},https://open.spotify.com/track/2t2gZb03AlCSlBzbWeeHsM,"[{'artist_name': 'Paul McCartney', 'artist_id': '4STHEaNw4mPZ2tzheohgXB'}]",0.582,0.632,2.0,-8.954,1.0,0.0368,0.00814,5.15e-05,0.0755,0.928,134.875,256053.0
Muscles,45a2uakbDbXOizyjyLv7dN,25,1982-09-01,day,{'isrc': 'USRC18208007'},https://open.spotify.com/track/45a2uakbDbXOizyjyLv7dN,"[{'artist_name': 'Diana Ross', 'artist_id': '3MdG05syQeRYPPcClLaUGl'}]",0.7,0.387,5.0,-12.577,0.0,0.0542,0.267,0.000349,0.307,0.31,82.436,277960.0
The Girl Is Mine (with Paul McCartney),4IT6vDuKprKl6jyVndlY8V,65,1982-11-30,day,{'isrc': 'USSM19902988'},https://open.spotify.com/track/4IT6vDuKprKl6jyVndlY8V,"[{'artist_name': 'Michael Jackson', 'artist_id': '3fMbdgg4jU18AjLCKBhRSm'}, {'artist_name': 'Paul McCartney', 'artist_id': '4STHEaNw4mPZ2tzheohgXB'}]",,,,,,,,,,,,
Ebony And Ivory - 2022 Remaster,6rbDUAZ8TsI0SXLx7w9Uoa,31,2022-12-02,day,{'isrc': 'GBCCS2200023'},https://open.spotify.com/track/6rbDUAZ8TsI0SXLx7w9Uoa,"[{'artist_name': 'Paul McCartney', 'artist_id': '4STHEaNw4mPZ2tzheohgXB'}, {'artist_name': 'Stevie Wonder', 'artist_id': '7guDJrEfX3qb6FEbdPA5qi'}]",,,,,,,,,,,,
Blue Eyes - Remastered 2003,4PFhHd7DsNg0ke9Nmlxms5,55,1982-01-01,day,{'isrc': 'GBALX8200008'},https://open.spotify.com/track/4PFhHd7DsNg0ke9Nmlxms5,"[{'artist_name': 'Elton John', 'artist_id': '3PhoLpVuITZKcymswpck5b'}]",0.518,0.229,7.0,-17.18,0.0,0.027,0.575,0.00363,0.123,0.159,106.665,206267.0
Billie Jean,7J1uxwnxfQLu4APicE5Rnj,82,1982-11-30,day,{'isrc': 'USSM19902991'},https://open.spotify.com/track/7J1uxwnxfQLu4APicE5Rnj,"[{'artist_name': 'Michael Jackson', 'artist_id': '3fMbdgg4jU18AjLCKBhRSm'}]",,,,,,,,,,,,
Hold Me,4kRMsLX7bJqjIfK44qJ9h6,63,1988-11-21,day,{'isrc': 'USWB19900201'},https://open.spotify.com/track/4kRMsLX7bJqjIfK44qJ9h6,"[{'artist_name': 'Fleetwood Mac', 'artist_id': '08GQAI4eElDnROBrJRGE0X'}]",0.709,0.571,10.0,-13.25,1.0,0.039,0.247,0.014,0.114,0.779,124.739,225333.0
Thriller,2LlQb7Uoj1kKyGhlkBf9aC,72,1982-11-30,day,{'isrc': 'USSM19902989'},https://open.spotify.com/track/2LlQb7Uoj1kKyGhlkBf9aC,"[{'artist_name': 'Michael Jackson', 'artist_id': '3fMbdgg4jU18AjLCKBhRSm'}]",,,,,,,,,,,,
Ebony And Ivory - 2022 Remaster,6rbDUAZ8TsI0SXLx7w9Uoa,31,2022-12-02,day,{'isrc': 'GBCCS2200023'},https://open.spotify.com/track/6rbDUAZ8TsI0SXLx7w9Uoa,"[{'artist_name': 'Paul McCartney', 'artist_id': '4STHEaNw4mPZ2tzheohgXB'}, {'artist_name': 'Stevie Wonder', 'artist_id': '7guDJrEfX3qb6FEbdPA5qi'}]",,,,,,,,,,,,
You Can't Hurry Love - 2016 Remaster,4YwbSZaYeYja8Umyt222Qf,75,1982-11-05,day,{'isrc': 'USRH11509315'},https://open.spotify.com/track/4YwbSZaYeYja8Umyt222Qf,"[{'artist_name': 'Phil Collins', 'artist_id': '4lxfqrEsLX6N1N4OCSkILp'}]",0.62,0.936,7.0,-4.593,1.0,0.0308,0.0261,0.0,0.0679,0.763,97.527,175747.0
Wanna Be Startin' Somethin',1hu2s7qkm5bo03eODpRQO3,64,1982-11-30,day,{'isrc': 'USSM19902986'},https://open.spotify.com/track/1hu2s7qkm5bo03eODpRQO3,"[{'artist_name': 'Michael Jackson', 'artist_id': '3fMbdgg4jU18AjLCKBhRSm'}]",,,,,,,,,,,,
Beat It,3BovdzfaX4jb5KFQwoPfAw,79,1982-11-30,day,{'isrc': 'USSM19902990'},https://open.spotify.com/track/3BovdzfaX4jb5KFQwoPfAw,"[{'artist_name': 'Michael Jackson', 'artist_id': '3fMbdgg4jU18AjLCKBhRSm'}]",,,,,,,,,,,,
Everything Counts,4oWQeGyPFyr4EpTrv5v0gJ,58,1985-10-15,day,{'isrc': 'GBAJH9800106'},https://open.spotify.com/track/4oWQeGyPFyr4EpTrv5v0gJ,"[{'artist_name': 'Depeche Mode', 'artist_id': '762310PdDnwsDxAQxzQkfX'}]",,,,,,,,,,,,
Mama - 2007 Remaster,6kIwzLSiQU51taaaZ9zWSE,59,1983-10-03,day,{'isrc': 'GBAAA0700784'},https://open.spotify.com/track/6kIwzLSiQU51taaaZ9zWSE,"[{'artist_name': 'Genesis', 'artist_id': '3CkvROUTQ6nRi9yQOcsB50'}]",0.565,0.884,9.0,-8.633,1.0,0.0618,0.383,0.208,0.38,0.67,82.914,408053.0
I Guess That's Why They Call It The Blues,23l1kVpqMVREiwU1YAlcr4,70,1983-05-30,day,{'isrc': 'GBALX8300088'},https://open.spotify.com/track/23l1kVpqMVREiwU1YAlcr4,"[{'artist_name': 'Elton John', 'artist_id': '3PhoLpVuITZKcymswpck5b'}]",0.673,0.663,0.0,-7.29,1.0,0.0269,0.217,0.017,0.177,0.671,120.634,285333.0
I'm Still Standing,1jDJFeK9x3OZboIAHsY9k2,82,1983-05-30,day,{'isrc': 'GBALX8300190'},https://open.spotify.com/track/1jDJFeK9x3OZboIAHsY9k2,"[{'artist_name': 'Elton John', 'artist_id': '3PhoLpVuITZKcymswpck5b'}]",0.504,0.904,6.0,-6.863,1.0,0.179,0.356,0.121,0.14,0.772,176.808,183440.0
Borderline,4FMNpPI7mkhdeFCCk6fZiE,54,2009-09-18,day,{'isrc': 'USWB10903611'},https://open.spotify.com/track/4FMNpPI7mkhdeFCCk6fZiE,"[{'artist_name': 'Madonna', 'artist_id': '6tbjWDEIzxoDsBA1FuhfPW'}]",0.807,0.764,2.0,-5.186,1.0,0.0312,0.082,3.87e-05,0.115,0.371,119.867,238360.0
Let's Stay Together - 2015 Remaster,19DVNifOaTnuP0iq1kTqgW,54,1984-05-29,day,{'isrc': 'GBAYE1401510'},https://open.spotify.com/track/19DVNifOaTnuP0iq1kTqgW,"[{'artist_name': 'Tina Turner', 'artist_id': '1zuJe6b1roixEKMOtyrEak'}]",0.671,0.802,8.0,-5.792,0.0,0.0691,0.635,0.00069,0.119,0.492,104.401,316747.0
Tell Her About It,6kCJMxv445L2okuTiou1fR,58,1983-08-08,day,{'isrc': 'USSM18300272'},https://open.spotify.com/track/6kCJMxv445L2okuTiou1fR,"[{'artist_name': 'Billy Joel', 'artist_id': '6zFYqv1mOsgBRQbae3JJ9e'}]",0.565,0.894,8.0,-5.241,1.0,0.175,0.00777,0.0,0.49,0.737,182.262,229200.0
Flashdance...What a Feeling - Radio Edit,3cbV252akVZInSvJk7jAYX,75,1983-11-02,day,{'isrc': 'CAU118300354'},https://open.spotify.com/track/3cbV252akVZInSvJk7jAYX,"[{'artist_name': 'Irene Cara', 'artist_id': '3oZa8Xs6IjlIUGLAhVyK4G'}]",,,,,,,,,,,,
Let's Dance - 2018 Remaster,3ix6K4wZY29bCujrSznwFZ,70,1983-04-14,day,{'isrc': 'USJT11700482'},https://open.spotify.com/track/3ix6K4wZY29bCujrSznwFZ,"[{'artist_name': 'David Bowie', 'artist_id': '0oSGxfWSnnOXhD2fKuz2Gy'}]",,,,,,,,,,,,
Say Say Say - Remastered 2015,1db0gbTSKdRQum8VlbNkiO,66,1983-10-28,day,{'isrc': 'GBCCS1500052'},https://open.spotify.com/track/1db0gbTSKdRQum8VlbNkiO,"[{'artist_name': 'Paul McCartney', 'artist_id': '4STHEaNw4mPZ2tzheohgXB'}, {'artist_name': 'Michael Jackson', 'artist_id': '3fMbdgg4jU18AjLCKBhRSm'}]",,,,,,,,,,,,
Every Breath You Take,1JSTJqkT5qHq8MDJnJbRE1,89,1983-06-17,day,{'isrc': 'GBAAM0201110'},https://open.spotify.com/track/1JSTJqkT5qHq8MDJnJbRE1,"[{'artist_name': 'The Police', 'artist_id': '5NGO30tJxFlKixkPSgXcFE'}]",0.82,0.452,1.0,-9.796,1.0,0.0348,0.543,0.00294,0.0714,0.74,117.401,253920.0
Bad Boys,4ubrU47OYnqRauUoCzckcg,45,1983-07-09,day,{'isrc': 'GBBBM8300001'},https://open.spotify.com/track/4ubrU47OYnqRauUoCzckcg,"[{'artist_name': 'Wham!', 'artist_id': '5lpH0xAS4fVfLkACg9DAuM'}]",0.812,0.711,9.0,-7.003,0.0,0.0385,0.0216,0.0013,0.319,0.86,119.306,200973.0
Uptown Girl,5zA8vzDGqPl2AzZkEYQGKh,81,1983-08-08,day,{'isrc': 'USSM18300270'},https://open.spotify.com/track/5zA8vzDGqPl2AzZkEYQGKh,"[{'artist_name': 'Billy Joel', 'artist_id': '6zFYqv1mOsgBRQbae3JJ9e'}]",0.701,0.943,4.0,-2.986,1.0,0.0456,0.0747,0.0,0.601,0.791,128.992,197707.0
Jump - 2015 Remaster,7N3PAbqfTjSEU1edb2tY8j,78,1984-01-04,day,{'isrc': 'USWB11403680'},https://open.spotify.com/track/7N3PAbqfTjSEU1edb2tY8j,"[{'artist_name': 'Van Halen', 'artist_id': '2cnMpRsOVqtPMfq7YiFE6K'}]",0.572,0.835,0.0,-6.219,1.0,0.0317,0.171,0.000376,0.0702,0.796,129.994,241600.0
Modern Love - 2018 Remaster,3gxEZXUjrNbl3TlSrTGbR5,68,1983-04-14,day,{'isrc': 'USJT11700480'},https://open.spotify.com/track/3gxEZXUjrNbl3TlSrTGbR5,"[{'artist_name': 'David Bowie', 'artist_id': '0oSGxfWSnnOXhD2fKuz2Gy'}]",0.358,0.938,0.0,-5.577,1.0,0.0483,0.00375,9.2e-06,0.117,0.944,182.836,288339.0
Pipes Of Peace - 2015 Remaster,6SRTJV0dBrK2oNV6ZOJzgj,37,1983-10-28,day,{'isrc': 'GBCCS1500051'},https://open.spotify.com/track/6SRTJV0dBrK2oNV6ZOJzgj,"[{'artist_name': 'Paul McCartney', 'artist_id': '4STHEaNw4mPZ2tzheohgXB'}]",,,,,,,,,,,,
China Girl - 2018 Remaster,5Ei9o2fHEnfHb84YrPuz4v,60,1983-04-14,day,{'isrc': 'USJT11700481'},https://open.spotify.com/track/5Ei9o2fHEnfHb84YrPuz4v,"[{'artist_name': 'David Bowie', 'artist_id': '0oSGxfWSnnOXhD2fKuz2Gy'}]",0.651,0.699,4.0,-7.867,0.0,0.0277,0.039,0.0659,0.124,0.832,133.793,333817.0
Maniac,0QKfiqpEU4h9ycPSzIFwYe,76,1983-04-11,day,{'isrc': 'USPR38302462'},https://open.spotify.com/track/0QKfiqpEU4h9ycPSzIFwYe,"[{'artist_name': 'Michael Sembello', 'artist_id': '771qBvjnXOH9Azr6lKy6FB'}]",0.617,0.533,3.0,-11.516,0.0,0.0651,0.0891,4.04e-06,0.0415,0.835,158.86,244707.0
Baby Jane - 2008 Remaster,1wrT33b6HuKlpk9ziscEUY,65,1983,year,{'isrc': 'USWB10806973'},https://open.spotify.com/track/1wrT33b6HuKlpk9ziscEUY,"[{'artist_name': 'Rod Stewart', 'artist_id': '2y8Jo9CKhJvtfeKOsYzRdT'}]",0.641,0.796,2.0,-8.56,0.0,0.0407,0.0137,0.000115,0.358,0.727,123.229,283493.0
Undercover (Of The Night) - Remastered 2009,4N8oxV3hvn8Efyo4yxp3LG,41,1983-11-07,day,{'isrc': 'GBUM70909485'},https://open.spotify.com/track/4N8oxV3hvn8Efyo4yxp3LG,"[{'artist_name': 'The Rolling Stones', 'artist_id': '22bE4uQ6baNwSHPVcDxLCe'}]",0.603,0.973,5.0,-4.454,0.0,0.176,0.0272,0.00731,0.472,0.408,122.756,273493.0
Holiday,3ibAzRj9JnowdoLkyllk3n,60,1983-07-27,day,{'isrc': 'USWB18300013'},https://open.spotify.com/track/3ibAzRj9JnowdoLkyllk3n,"[{'artist_name': 'Madonna', 'artist_id': '6tbjWDEIzxoDsBA1FuhfPW'}]",0.813,0.699,7.0,-8.656,1.0,0.0458,0.0251,0.0135,0.0527,0.732,117.548,231560.0
Like a Virgin,1ZPlNanZsJSPK5h9YZZFbZ,69,1984-11-12,day,{'isrc': 'USWB10002748'},https://open.spotify.com/track/1ZPlNanZsJSPK5h9YZZFbZ,"[{'artist_name': 'Madonna', 'artist_id': '6tbjWDEIzxoDsBA1FuhfPW'}]",0.773,0.656,3.0,-10.88,0.0,0.0381,0.202,0.00323,0.0697,0.971,119.754,218627.0
What's Love Got to Do with It - 2015 Remaster,3ErsOxqe2RmXkR65wkygDz,71,1984-05-29,day,{'isrc': 'GBAYE1401507'},https://open.spotify.com/track/3ErsOxqe2RmXkR65wkygDz,"[{'artist_name': 'Tina Turner', 'artist_id': '1zuJe6b1roixEKMOtyrEak'}]",,,,,,,,,,,,
Master and Servant,6E6RViXGAhLXHv4Sbe8e96,49,1984-09-24,day,{'isrc': 'GBAJH0601316'},https://open.spotify.com/track/6E6RViXGAhLXHv4Sbe8e96,"[{'artist_name': 'Depeche Mode', 'artist_id': '762310PdDnwsDxAQxzQkfX'}]",,,,,,,,,,,,
Into the Groove,2m0M7YqCy4lXfedh18qd8N,63,2009-09-18,day,{'isrc': 'USWB10903605'},https://open.spotify.com/track/2m0M7YqCy4lXfedh18qd8N,"[{'artist_name': 'Madonna', 'artist_id': '6tbjWDEIzxoDsBA1FuhfPW'}]",,,,,,,,,,,,
I Want to Know What Love Is - 1999 Remaster,1JLn8RhQzHz3qDqsChcmBl,83,1984-12-12,day,{'isrc': 'USAT29900662'},https://open.spotify.com/track/1JLn8RhQzHz3qDqsChcmBl,"[{'artist_name': 'Foreigner', 'artist_id': '6IRouO5mvvfcyxtPDKMYFN'}]",0.477,0.471,6.0,-10.036,1.0,0.0277,0.193,1.76e-06,0.131,0.423,81.204,304787.0
Dancing In the Dark,7FwBtcecmlpc1sLySPXeGE,82,1984-06-04,day,{'isrc': 'USSM18400416'},https://open.spotify.com/track/7FwBtcecmlpc1sLySPXeGE,"[{'artist_name': 'Bruce Springsteen', 'artist_id': '3eqjTLE0HfPfh78zjh6TqT'}]",0.527,0.942,1.0,-5.64,0.0,0.0366,0.0115,0.0,0.188,0.495,148.723,241307.0
No More Lonely Nights (Ballad) - Remastered 1993,3CCBwpqjdar1PG6HHulmD0,51,1984-10-22,day,{'isrc': 'GBCCS0700379'},https://open.spotify.com/track/3CCBwpqjdar1PG6HHulmD0,"[{'artist_name': 'Paul McCartney', 'artist_id': '4STHEaNw4mPZ2tzheohgXB'}]",,,,,,,,,,,,
Material Girl,22sLuJYcvZOSoLLRYev1s5,71,2009-09-18,day,{'isrc': 'USWB10903617'},https://open.spotify.com/track/22sLuJYcvZOSoLLRYev1s5,"[{'artist_name': 'Madonna', 'artist_id': '6tbjWDEIzxoDsBA1FuhfPW'}]",0.742,0.883,0.0,-3.419,1.0,0.0329,0.333,7.51e-06,0.0964,0.978,136.506,240280.0
I Want To Break Free - Remastered 2011,7h2yhVxcZOGyQdOwD4Hu8J,61,1984-02-27,day,{'isrc': 'GBUM71029625'},https://open.spotify.com/track/7h2yhVxcZOGyQdOwD4Hu8J,"[{'artist_name': 'Queen', 'artist_id': '1dfeR4HaWDbWqFHLkxsg1d'}]",0.795,0.433,4.0,-8.927,1.0,0.0324,0.0853,0.000284,0.0762,0.6,108.947,258013.0
Cover Me,4U7NhC2rQTAhH7dw7H0goB,53,1984-06-04,day,{'isrc': 'USSM18400407'},https://open.spotify.com/track/4U7NhC2rQTAhH7dw7H0goB,"[{'artist_name': 'Bruce Springsteen', 'artist_id': '3eqjTLE0HfPfh78zjh6TqT'}]",0.535,0.884,9.0,-5.499,0.0,0.0407,0.00188,0.00126,0.14,0.796,120.555,205987.0
Wake Me Up Before You Go-Go,0ikz6tENMONtK6qGkOrU3c,79,1984-10-23,day,{'isrc': 'GBBBN0009712'},https://open.spotify.com/track/0ikz6tENMONtK6qGkOrU3c,"[{'artist_name': 'Wham!', 'artist_id': '5lpH0xAS4fVfLkACg9DAuM'}]",0.62,0.574,0.0,-11.893,1.0,0.0421,0.272,0.0,0.0607,0.9,81.548,231333.0
Smooth Operator - Single Version,1Hv1VTm8zeOeybub15mA2R,80,1994-10-31,day,{'isrc': 'GBBBM8400016'},https://open.spotify.com/track/1Hv1VTm8zeOeybub15mA2R,"[{'artist_name': 'Sade', 'artist_id': '47zz7sob9NUcODy0BTDvKx'}]",,,,,,,,,,,,
Radio Ga Ga - Remastered 2011,1HmzAZUvhQLhLo2z3ocpZI,64,1984-02-27,day,{'isrc': 'GBUM71029623'},https://open.spotify.com/track/1HmzAZUvhQLhLo2z3ocpZI,"[{'artist_name': 'Queen', 'artist_id': '1dfeR4HaWDbWqFHLkxsg1d'}]",0.744,0.502,5.0,-7.705,1.0,0.0359,0.179,0.000172,0.19,0.655,112.345,348227.0
Dress You Up,1Fhx9C87IjEAtWI9FF0IzF,49,1984-11-12,day,{'isrc': 'USWB10002750'},https://open.spotify.com/track/1Fhx9C87IjEAtWI9FF0IzF,"[{'artist_name': 'Madonna', 'artist_id': '6tbjWDEIzxoDsBA1FuhfPW'}]",,,,,,,,,,,,
Sad Songs (Say So Much),2LAgzgp3kmBG6uOqwms3eR,55,1984-07-09,day,{'isrc': 'GBF080300708'},https://open.spotify.com/track/2LAgzgp3kmBG6uOqwms3eR,"[{'artist_name': 'Elton John', 'artist_id': '3PhoLpVuITZKcymswpck5b'}]",,,,,,,,,,,,
People Are People,4WoKuMjwJXuy9IqX6AH5JE,62,1984-09-24,day,{'isrc': 'GBAJH0601312'},https://open.spotify.com/track/4WoKuMjwJXuy9IqX6AH5JE,"[{'artist_name': 'Depeche Mode', 'artist_id': '762310PdDnwsDxAQxzQkfX'}]",,,,,,,,,,,,
All of You (feat. Diana Ross),6pKv5YkWARvUIXtzvw4iic,43,1984-09-25,day,{'isrc': 'NLB630000263'},https://open.spotify.com/track/6pKv5YkWARvUIXtzvw4iic,"[{'artist_name': 'Julio Iglesias', 'artist_id': '4etuCZVdP8yiNPn4xf0ie5'}, {'artist_name': 'Diana Ross', 'artist_id': '3MdG05syQeRYPPcClLaUGl'}]",,,,,,,,,,,,
Run To You,2RWFncSWZEhSRRifqiDNVV,73,1984-11-05,day,{'isrc': 'USAM18490003'},https://open.spotify.com/track/2RWFncSWZEhSRRifqiDNVV,"[{'artist_name': 'Bryan Adams', 'artist_id': '3Z02hBLubJxuFJfhacLSDc'}]",,,,,,,,,,,,
Everything She Wants,5hXEcqQhEjfZdbIZLO8mf2,68,1984-10-23,day,{'isrc': 'GBBBN0009300'},https://open.spotify.com/track/5hXEcqQhEjfZdbIZLO8mf2,"[{'artist_name': 'Wham!', 'artist_id': '5lpH0xAS4fVfLkACg9DAuM'}]",0.9,0.459,6.0,-15.557,0.0,0.0366,0.321,0.00399,0.165,0.962,115.091,302693.0
Angel,7ov1nZ2QZc3LIuCXXERZP0,47,1984-11-12,day,{'isrc': 'USWB10002747'},https://open.spotify.com/track/7ov1nZ2QZc3LIuCXXERZP0,"[{'artist_name': 'Madonna', 'artist_id': '6tbjWDEIzxoDsBA1FuhfPW'}]",0.752,0.593,7.0,-13.673,1.0,0.0367,0.296,0.000196,0.168,0.834,133.266,236133.0
Born in the U.S.A.,0dOg1ySSI7NkpAe89Zo0b9,74,1984-06-04,day,{'isrc': 'USSM18400406'},https://open.spotify.com/track/0dOg1ySSI7NkpAe89Zo0b9,"[{'artist_name': 'Bruce Springsteen', 'artist_id': '3eqjTLE0HfPfh78zjh6TqT'}]",,,,,,,,,,,,
State of Shock,1sLTxLJzyoBJiPzv420KAx,42,1984-07-02,day,{'isrc': 'USSM10027407'},https://open.spotify.com/track/1sLTxLJzyoBJiPzv420KAx,"[{'artist_name': 'The Jacksons', 'artist_id': '2yrbLiuBmc9j81lTX3XUuI'}, {'artist_name': 'Mick Jagger', 'artist_id': '3d2pb1dHTm8b61zAGVUVvO'}]",0.98,0.846,8.0,-7.696,0.0,0.139,0.283,0.149,0.052,0.891,121.562,271000.0
Heaven,7Ewz6bJ97vUqk5HdkvguFQ,81,1984-11-05,day,{'isrc': 'USAM18490004'},https://open.spotify.com/track/7Ewz6bJ97vUqk5HdkvguFQ,"[{'artist_name': 'Bryan Adams', 'artist_id': '3Z02hBLubJxuFJfhacLSDc'}]",0.382,0.589,9.0,-7.315,0.0,0.0267,0.0465,0.0,0.122,0.335,140.059,243360.0
I Just Called To Say I Love You,6RNDeRnWsRMjPdNVgupZCs,76,1999-11-23,day,{'isrc': 'USUMG9900476'},https://open.spotify.com/track/6RNDeRnWsRMjPdNVgupZCs,"[{'artist_name': 'Stevie Wonder', 'artist_id': '7guDJrEfX3qb6FEbdPA5qi'}]",0.748,0.551,1.0,-9.054,1.0,0.0239,0.243,1.57e-06,0.0943,0.65,113.535,262240.0
Infatuation,3ONQHqfJFlOqD5k0hQNmhH,39,1984,year,{'isrc': 'USWB10807927'},https://open.spotify.com/track/3ONQHqfJFlOqD5k0hQNmhH,"[{'artist_name': 'Rod Stewart', 'artist_id': '2y8Jo9CKhJvtfeKOsYzRdT'}]",,,,,,,,,,,,
Careless Whisper,5WDLRQ3VCdVrKw0njWe5E5,75,1998-11-09,day,{'isrc': 'GBBBM8402006'},https://open.spotify.com/track/5WDLRQ3VCdVrKw0njWe5E5,"[{'artist_name': 'George Michael', 'artist_id': '19ra5tSw0tWufvUp8GotLo'}]",,,,,,,,,,,,
Blue Jean - 2018 Remaster,5vrMM7hAZPQx9955euW6Jb,49,1984-09-29,day,{'isrc': 'USJT11700514'},https://open.spotify.com/track/5vrMM7hAZPQx9955euW6Jb,"[{'artist_name': 'David Bowie', 'artist_id': '0oSGxfWSnnOXhD2fKuz2Gy'}]",0.559,0.849,2.0,-6.39,1.0,0.0308,0.0401,0.33,0.131,0.822,124.608,191907.0
Against All Odds (Take a Look at Me Now) - 2016 Remaster,63CHa6rmamv9OsehkRD8oz,75,2016-10-14,day,{'isrc': 'USRH11603367'},https://open.spotify.com/track/63CHa6rmamv9OsehkRD8oz,"[{'artist_name': 'Phil Collins', 'artist_id': '4lxfqrEsLX6N1N4OCSkILp'}]",0.58,0.498,1.0,-6.901,1.0,0.0277,0.198,0.0,0.132,0.111,116.271,206360.0
Freedom,0PhU6i6Kei6x0CH3jocvA3,58,1984-10-23,day,{'isrc': 'GBBBN0009302'},https://open.spotify.com/track/0PhU6i6Kei6x0CH3jocvA3,"[{'artist_name': 'Wham!', 'artist_id': '5lpH0xAS4fVfLkACg9DAuM'}]",0.591,0.651,0.0,-12.882,1.0,0.0424,0.42,1.97e-06,0.129,0.824,132.539,302200.0
Last Christmas,2FRnf9qhLbvw8fu4IBXx78,76,1984-11-29,day,{'isrc': 'GBBBM8400019'},https://open.spotify.com/track/2FRnf9qhLbvw8fu4IBXx78,"[{'artist_name': 'Wham!', 'artist_id': '5lpH0xAS4fVfLkACg9DAuM'}]",,,,,,,,,,,,
My Hometown,6dahFmHrgncgVJjsI1ws7e,59,1984-06-04,day,{'isrc': 'USSM18400417'},https://open.spotify.com/track/6dahFmHrgncgVJjsI1ws7e,"[{'artist_name': 'Bruce Springsteen', 'artist_id': '3eqjTLE0HfPfh78zjh6TqT'}]",0.652,0.338,9.0,-11.58,1.0,0.0367,0.486,5.9e-05,0.0744,0.392,116.881,279667.0
Summer Of '69,0GONea6G2XdnHWjNZd6zt3,81,1984-11-05,day,{'isrc': 'USAM18490006'},https://open.spotify.com/track/0GONea6G2XdnHWjNZd6zt3,"[{'artist_name': 'Bryan Adams', 'artist_id': '3Z02hBLubJxuFJfhacLSDc'}]",0.508,0.834,2.0,-6.205,1.0,0.0386,0.0183,0.0,0.0732,0.774,139.131,216053.0
One More Night - 2016 Remaster,6fkvIT9KFKxO8poBeKfaEf,69,1985-01-25,day,{'isrc': 'USRH11600247'},https://open.spotify.com/track/6fkvIT9KFKxO8poBeKfaEf,"[{'artist_name': 'Phil Collins', 'artist_id': '4lxfqrEsLX6N1N4OCSkILp'}]",0.534,0.442,3.0,-9.442,1.0,0.0308,0.788,0.000351,0.0986,0.343,136.369,288973.0
Easy Lover,5LYJ631w9ps5h9tdvac7yP,72,1984-10-01,day,{'isrc': 'USSM18400801'},https://open.spotify.com/track/5LYJ631w9ps5h9tdvac7yP,"[{'artist_name': 'Philip Bailey', 'artist_id': '6ZNeppgfBLPUyugks9Yn1u'}, {'artist_name': 'Phil Collins', 'artist_id': '4lxfqrEsLX6N1N4OCSkILp'}]",0.74,0.923,1.0,-5.082,1.0,0.0369,0.105,0.000163,0.0825,0.93,128.871,305867.0
I'm Your Man,2gG7E5OZi5D5QLRIctv63z,58,1986-11-25,day,{'isrc': 'GBBBM8501285'},https://open.spotify.com/track/2gG7E5OZi5D5QLRIctv63z,"[{'artist_name': 'Wham!', 'artist_id': '5lpH0xAS4fVfLkACg9DAuM'}]",0.757,0.837,2.0,-6.943,1.0,0.0508,0.296,0.0,0.0567,0.592,132.152,243093.0
Part-Time Lover,0Dm43YLUlGdePpSbI1ct8h,71,1985-09-13,day,{'isrc': 'USMO18500543'},https://open.spotify.com/track/0Dm43YLUlGdePpSbI1ct8h,"[{'artist_name': 'Stevie Wonder', 'artist_id': '7guDJrEfX3qb6FEbdPA5qi'}]",0.662,0.624,10.0,-13.606,0.0,0.0417,0.165,0.0,0.0674,0.961,174.513,252560.0
Saving All My Love for You,1lx8ddGT5wCD6W2xmLeRKG,69,1985-02-14,day,{'isrc': 'USAR18500021'},https://open.spotify.com/track/1lx8ddGT5wCD6W2xmLeRKG,"[{'artist_name': 'Whitney Houston', 'artist_id': '6XpaIBNiVzIetEPCWDvAFP'}]",0.636,0.264,6.0,-14.567,0.0,0.0263,0.593,4.22e-05,0.275,0.264,99.304,238467.0
Crazy for You - Edit,6G7PVlifniapyhDCmWS2VM,65,1990,year,{'isrc': 'USWB19903825'},https://open.spotify.com/track/6G7PVlifniapyhDCmWS2VM,"[{'artist_name': 'Madonna', 'artist_id': '6tbjWDEIzxoDsBA1FuhfPW'}]",,,,,,,,,,,,
We Don't Need Another Hero (Thunderdome),50XXRUFNjs85P0MjCZ1c9X,67,1984-05-29,day,{'isrc': 'USCA29100186'},https://open.spotify.com/track/50XXRUFNjs85P0MjCZ1c9X,"[{'artist_name': 'Tina Turner', 'artist_id': '1zuJe6b1roixEKMOtyrEak'}]",,,,,,,,,,,,
Chain Reaction,3N3UmpRUvoZQrUREMen54e,41,1985-09-24,day,{'isrc': 'USRC18504358'},https://open.spotify.com/track/3N3UmpRUvoZQrUREMen54e,"[{'artist_name': 'Diana Ross', 'artist_id': '3MdG05syQeRYPPcClLaUGl'}]",0.806,0.6,11.0,-9.642,1.0,0.0329,0.091,0.000436,0.0836,0.756,127.814,227880.0
Greatest Love of All,6yJxCltgtmGxIgKOS6ndnu,68,1985-02-14,day,{'isrc': 'USAR18500139'},https://open.spotify.com/track/6yJxCltgtmGxIgKOS6ndnu,"[{'artist_name': 'Whitney Houston', 'artist_id': '6XpaIBNiVzIetEPCWDvAFP'}]",0.502,0.305,9.0,-16.011,1.0,0.0339,0.484,3.55e-06,0.117,0.248,131.242,291400.0
Nikita,3G0ENKW9vzV0SuYKaWFflI,69,1985-11-07,day,{'isrc': 'GBAMS8500203'},https://open.spotify.com/track/3G0ENKW9vzV0SuYKaWFflI,"[{'artist_name': 'Elton John', 'artist_id': '3PhoLpVuITZKcymswpck5b'}]",0.632,0.656,7.0,-9.29,1.0,0.0277,0.123,0.000264,0.0735,0.752,86.605,343240.0
Separate Lives - 2016 Remaster,6DEFVerhYVJ6ZkPJiPl5Sm,61,2016-10-14,day,{'isrc': 'USRH11603368'},https://open.spotify.com/track/6DEFVerhYVJ6ZkPJiPl5Sm,"[{'artist_name': 'Phil Collins', 'artist_id': '4lxfqrEsLX6N1N4OCSkILp'}, {'artist_name': 'Marilyn Martin', 'artist_id': '3vtjCpFunIFNdbXkBVx0gL'}]",0.32,0.308,4.0,-9.118,1.0,0.0318,0.237,0.0,0.319,0.193,93.173,248907.0
"That's What Friends Are For (with Elton John, Gladys Knight & Stevie Wonder)",1OzrlK57iLTIjmbZC1ppWM,65,1985,year,{'isrc': 'USAR18500220'},https://open.spotify.com/track/1OzrlK57iLTIjmbZC1ppWM,"[{'artist_name': 'Dionne Warwick', 'artist_id': '2JSjCHK79gdaiPWdKiNUNp'}, {'artist_name': 'Elton John', 'artist_id': '3PhoLpVuITZKcymswpck5b'}, {'artist_name': 'Gladys Knight', 'artist_id': '2aXiJJHJei5BmCykxI37y0'}, {'artist_name': 'Stevie Wonder', 'artist_id': '7guDJrEfX3qb6FEbdPA5qi'}]",,,,,,,,,,,,
Freeway Of Love,0lpIVCLNQRBKffcRRNrHyh,45,1985,year,{'isrc': 'USAR18500023'},https://open.spotify.com/track/0lpIVCLNQRBKffcRRNrHyh,"[{'artist_name': 'Aretha Franklin', 'artist_id': '7nwUJBm0HE4ZxD3f5cy5ok'}]",0.688,0.899,2.0,-6.328,1.0,0.0734,0.242,5.55e-06,0.0223,0.833,126.509,352093.0
Dancing in the Street - 2002 Remaster,6FnuMo55jNECTDdS1nD5H0,56,1985-08-12,day,{'isrc': 'USJT10200043'},https://open.spotify.com/track/6FnuMo55jNECTDdS1nD5H0,"[{'artist_name': 'David Bowie', 'artist_id': '0oSGxfWSnnOXhD2fKuz2Gy'}, {'artist_name': 'Mick Jagger', 'artist_id': '3d2pb1dHTm8b61zAGVUVvO'}]",0.6,0.816,4.0,-13.64,1.0,0.0431,0.117,0.0,0.126,0.744,130.99,204787.0
Russians,0MBYW7CcBJmsY3HTP05VQg,55,1985-01-01,day,{'isrc': 'USAM18500044'},https://open.spotify.com/track/0MBYW7CcBJmsY3HTP05VQg,"[{'artist_name': 'Sting', 'artist_id': '0Ty63ceoRnnJKVEYP0VQpk'}]",0.437,0.282,0.0,-17.567,0.0,0.035,0.458,0.0,0.18,0.198,115.517,238267.0
How Will I Know,5tdKaKLnC4SgtDZ6RlWeal,72,1985-02-14,day,{'isrc': 'USAR18500150'},https://open.spotify.com/track/5tdKaKLnC4SgtDZ6RlWeal,"[{'artist_name': 'Whitney Houston', 'artist_id': '6XpaIBNiVzIetEPCWDvAFP'}]",0.832,0.544,6.0,-12.697,1.0,0.0442,0.201,0.000139,0.632,0.928,119.49,275533.0
Money for Nothing,4yqtwO7MQIIXqoiRBPHAgR,65,1985-05-13,day,{'isrc': 'GBF088500674'},https://open.spotify.com/track/4yqtwO7MQIIXqoiRBPHAgR,"[{'artist_name': 'Dire Straits', 'artist_id': '0WwSkZ7LtFUFjGjMZBMt6T'}]",0.667,0.655,2.0,-9.339,0.0,0.0367,0.0491,0.000894,0.0641,0.657,134.212,506400.0
Shake the Disease,0a1SoGdF8U1PNHtfKRAx91,59,1986-03-17,day,{'isrc': 'GBAJH0000346'},https://open.spotify.com/track/0a1SoGdF8U1PNHtfKRAx91,"[{'artist_name': 'Depeche Mode', 'artist_id': '762310PdDnwsDxAQxzQkfX'}]",,,,,,,,,,,,
If You Love Somebody Set Them Free,5Xhqe9xu6bKRSqLj1mS1SB,56,1985-01-01,day,{'isrc': 'USAM18500042'},https://open.spotify.com/track/5Xhqe9xu6bKRSqLj1mS1SB,"[{'artist_name': 'Sting', 'artist_id': '0Ty63ceoRnnJKVEYP0VQpk'}]",0.627,0.849,9.0,-10.61,0.0,0.0309,0.137,0.0,0.319,0.817,125.058,256227.0
Who's Zoomin' Who?,2kDMh0Imubeo6BkV1mY7vm,44,1985,year,{'isrc': 'USAR10001158'},https://open.spotify.com/track/2kDMh0Imubeo6BkV1mY7vm,"[{'artist_name': 'Aretha Franklin', 'artist_id': '7nwUJBm0HE4ZxD3f5cy5ok'}]",0.788,0.532,8.0,-10.334,1.0,0.0375,0.376,1.63e-06,0.0622,0.841,110.057,284507.0
Sussudio - 2016 Remaster,4qM461TqtpnP4GLRIXwEnW,67,1985-01-25,day,{'isrc': 'USRH11600243'},https://open.spotify.com/track/4qM461TqtpnP4GLRIXwEnW,"[{'artist_name': 'Phil Collins', 'artist_id': '4lxfqrEsLX6N1N4OCSkILp'}]",0.714,0.935,5.0,-5.195,1.0,0.0849,0.0529,0.0934,0.0515,0.725,121.232,263107.0
Sisters Are Doin' It for Themselves - Remastered Version,6pPCOXIQeNMr1oCWJTomSf,51,1985-04-29,day,{'isrc': 'GBARL0300619'},https://open.spotify.com/track/6pPCOXIQeNMr1oCWJTomSf,"[{'artist_name': 'Eurythmics', 'artist_id': '0NKDgy9j66h3DLnN8qu1bB'}, {'artist_name': 'Annie Lennox', 'artist_id': '5MspMQqdVbdwP6ax3GXqum'}, {'artist_name': 'Dave Stewart', 'artist_id': '7gcCQIlkkfbul5Mt0jBQkg'}, {'artist_name': 'Aretha Franklin', 'artist_id': '7nwUJBm0HE4ZxD3f5cy5ok'}]",0.67,0.903,10.0,-5.796,0.0,0.0402,0.0129,0.0,0.331,0.953,136.193,357147.0
Walk of Life,423o3ZHIaBtGXyhF1uH41a,62,1985-05-13,day,{'isrc': 'GBF088500675'},https://open.spotify.com/track/423o3ZHIaBtGXyhF1uH41a,"[{'artist_name': 'Dire Straits', 'artist_id': '0WwSkZ7LtFUFjGjMZBMt6T'}]",0.461,0.936,4.0,-6.866,1.0,0.109,0.435,9.13e-05,0.124,0.804,172.404,252467.0
True Blue,7azOuDeJGbxt5mvq3GQHXp,58,1986-06-30,day,{'isrc': 'USWB19903353'},https://open.spotify.com/track/7azOuDeJGbxt5mvq3GQHXp,"[{'artist_name': 'Madonna', 'artist_id': '6tbjWDEIzxoDsBA1FuhfPW'}]",0.799,0.773,11.0,-10.035,1.0,0.0393,0.261,2.58e-06,0.044,0.896,118.045,258227.0
A Kind Of Magic - Remastered 2011,1LFK84nUerBbYfFd1LmnTm,56,1986-06-02,day,{'isrc': 'GBUM71029621'},https://open.spotify.com/track/1LFK84nUerBbYfFd1LmnTm,"[{'artist_name': 'Queen', 'artist_id': '1dfeR4HaWDbWqFHLkxsg1d'}]",0.671,0.775,9.0,-5.873,1.0,0.0354,0.018,0.00283,0.121,0.695,130.121,264253.0
Nasty,07OzC5JlcaDwEkzWmvqp6y,52,1986-02-04,day,{'isrc': 'USAM19500847'},https://open.spotify.com/track/07OzC5JlcaDwEkzWmvqp6y,"[{'artist_name': 'Janet Jackson', 'artist_id': '4qwGe91Bz9K2T8jXTZ815W'}]",0.839,0.89,1.0,-11.697,0.0,0.0628,0.452,0.0224,0.0866,0.575,103.652,243133.0
Livin' On A Prayer,37ZJ0p5Jm13JPevGcx4SkF,83,1986-08-16,day,{'isrc': 'USPR38619998'},https://open.spotify.com/track/37ZJ0p5Jm13JPevGcx4SkF,"[{'artist_name': 'Bon Jovi', 'artist_id': '58lV9VcRSjABbAbfWS6skp'}]",0.532,0.887,0.0,-3.757,1.0,0.0335,0.0778,0.000214,0.294,0.795,122.511,249293.0
When I Think Of You,3mJ6pNcFM2CkykCYSREdKT,56,1986-02-04,day,{'isrc': 'USAM18600848'},https://open.spotify.com/track/3mJ6pNcFM2CkykCYSREdKT,"[{'artist_name': 'Janet Jackson', 'artist_id': '4qwGe91Bz9K2T8jXTZ815W'}]",0.759,0.639,9.0,-11.386,1.0,0.0425,0.084,0.0331,0.0518,0.706,116.207,235493.0
You Can Call Me Al,0qxYx4F3vm1AOnfux6dDxP,77,1986-08-12,day,{'isrc': 'USSM11002274'},https://open.spotify.com/track/0qxYx4F3vm1AOnfux6dDxP,"[{'artist_name': 'Paul Simon', 'artist_id': '2CvCyf1gEVhI0mX6aFXmVI'}]",0.776,0.763,5.0,-8.124,1.0,0.0535,0.182,0.0065,0.077,0.82,128.433,280000.0
Why Can't This Be Love,0TaT50ZZxT4ytZxuqkE3A9,68,1986-03-24,day,{'isrc': 'USWB10902261'},https://open.spotify.com/track/0TaT50ZZxT4ytZxuqkE3A9,"[{'artist_name': 'Van Halen', 'artist_id': '2cnMpRsOVqtPMfq7YiFE6K'}]",0.531,0.626,0.0,-13.371,1.0,0.0452,0.0606,0.0,0.0767,0.746,88.236,227693.0
Invisible Touch - 2007 Remaster,0xpBr84T3FTm9j4D1MdPtk,70,1986-06-09,day,{'isrc': 'GBAAA0700779'},https://open.spotify.com/track/0xpBr84T3FTm9j4D1MdPtk,"[{'artist_name': 'Genesis', 'artist_id': '3CkvROUTQ6nRi9yQOcsB50'}]",0.659,0.878,0.0,-5.987,1.0,0.0298,0.339,0.000543,0.0731,0.843,131.037,209587.0
What Have You Done For Me Lately,2SFq0UIiBWkBgky0fkrHP0,48,1986-02-04,day,{'isrc': 'USAM19500846'},https://open.spotify.com/track/2SFq0UIiBWkBgky0fkrHP0,"[{'artist_name': 'Janet Jackson', 'artist_id': '4qwGe91Bz9K2T8jXTZ815W'}]",0.846,0.396,1.0,-12.408,1.0,0.0677,0.0157,0.0116,0.0656,0.841,114.045,299493.0
Papa Don't Preach,6A8OnjnpShshNpcqWtZRjr,63,1986-06-30,day,{'isrc': 'USWB19903344'},https://open.spotify.com/track/6A8OnjnpShshNpcqWtZRjr,"[{'artist_name': 'Madonna', 'artist_id': '6tbjWDEIzxoDsBA1FuhfPW'}]",0.807,0.906,5.0,-8.973,0.0,0.0371,0.311,0.000791,0.0248,0.971,121.54,345280.0
You Give Love A Bad Name,0rmGAIH9LNJewFw7nKzZnc,80,1986-08-16,day,{'isrc': 'USPR39402224'},https://open.spotify.com/track/0rmGAIH9LNJewFw7nKzZnc,"[{'artist_name': 'Bon Jovi', 'artist_id': '58lV9VcRSjABbAbfWS6skp'}]",0.541,0.96,0.0,-2.947,0.0,0.0505,0.0663,2.25e-06,0.344,0.812,122.803,222707.0
The Edge of Heaven,5AhRNIjYPBleR1lfHphcrE,52,1986-07-01,day,{'isrc': 'GBBBN0009290'},https://open.spotify.com/track/5AhRNIjYPBleR1lfHphcrE,"[{'artist_name': 'Wham!', 'artist_id': '5lpH0xAS4fVfLkACg9DAuM'}]",0.493,0.665,9.0,-13.817,0.0,0.0424,0.117,0.0,0.159,0.877,152.644,270800.0
Amanda,4gpext9x0CbdD9NWaa4nDj,63,1986-01-01,day,{'isrc': 'USMC18621437'},https://open.spotify.com/track/4gpext9x0CbdD9NWaa4nDj,"[{'artist_name': 'Boston', 'artist_id': '29kkCKKGXheHuoO829FxWK'}]",0.449,0.424,7.0,-14.06,1.0,0.0323,0.32,1.69e-06,0.107,0.259,125.493,256200.0
Let's Wait Awhile,3333YXdcyths5CB8v28dZj,54,1986-02-04,day,{'isrc': 'USWWW0129522'},https://open.spotify.com/track/3333YXdcyths5CB8v28dZj,"[{'artist_name': 'Janet Jackson', 'artist_id': '4qwGe91Bz9K2T8jXTZ815W'}]",0.592,0.2,1.0,-16.392,1.0,0.0344,0.823,0.0,0.101,0.382,172.647,277400.0
Harlem Shuffle - Remastered 2009,2StkuotzPgX5FpSjMpTvlw,46,1986-03-24,day,{'isrc': 'GBUM70909375'},https://open.spotify.com/track/2StkuotzPgX5FpSjMpTvlw,"[{'artist_name': 'The Rolling Stones', 'artist_id': '22bE4uQ6baNwSHPVcDxLCe'}]",0.742,0.94,2.0,-3.485,1.0,0.0756,0.0866,0.0279,0.319,0.782,121.747,204427.0
I Knew You Were Waiting (For Me),2gJDyiRxxIglLXp545SPVL,63,2021-07-30,day,{'isrc': 'USAR18600111'},https://open.spotify.com/track/2gJDyiRxxIglLXp545SPVL,"[{'artist_name': 'Aretha Franklin', 'artist_id': '7nwUJBm0HE4ZxD3f5cy5ok'}, {'artist_name': 'George Michael', 'artist_id': '19ra5tSw0tWufvUp8GotLo'}]",,,,,,,,,,,,
Open Your Heart,3kme5Qos8h04yrKxsgur79,52,2009-09-18,day,{'isrc': 'USWB10903610'},https://open.spotify.com/track/3kme5Qos8h04yrKxsgur79,"[{'artist_name': 'Madonna', 'artist_id': '6tbjWDEIzxoDsBA1FuhfPW'}]",0.656,0.899,5.0,-5.039,1.0,0.0565,0.0261,0.0,0.0936,0.865,113.239,229280.0
A Different Corner,1Tb9OskLklgUMb0tUBJwRy,55,1998-11-09,day,{'isrc': 'GBBBM8602005'},https://open.spotify.com/track/1Tb9OskLklgUMb0tUBJwRy,"[{'artist_name': 'George Michael', 'artist_id': '19ra5tSw0tWufvUp8GotLo'}]",,,,,,,,,,,,
Live to Tell,095MMFhB9qxPx2VsmvjnUs,59,1986-06-30,day,{'isrc': 'USWB19903144'},https://open.spotify.com/track/095MMFhB9qxPx2VsmvjnUs,"[{'artist_name': 'Madonna', 'artist_id': '6tbjWDEIzxoDsBA1FuhfPW'}]",0.673,0.314,2.0,-14.156,0.0,0.0279,0.411,0.0334,0.107,0.27,109.841,353000.0
Typical Male,2fjJt3OQ8MPaZ3LMzAWiTA,50,1986-09-05,day,{'isrc': 'USCA28600035'},https://open.spotify.com/track/2fjJt3OQ8MPaZ3LMzAWiTA,"[{'artist_name': 'Tina Turner', 'artist_id': '1zuJe6b1roixEKMOtyrEak'}]",0.762,0.745,1.0,-7.772,0.0,0.0407,0.0172,0.0137,0.0612,0.794,106.013,256827.0
La Isla Bonita,6r8k1vznHrzlEKYxL4dZEe,73,1986-06-30,day,{'isrc': 'USWB19903355'},https://open.spotify.com/track/6r8k1vznHrzlEKYxL4dZEe,"[{'artist_name': 'Madonna', 'artist_id': '6tbjWDEIzxoDsBA1FuhfPW'}]",,,,,,,,,,,,
Big Love - 2017 Remaster,0hOA8SoraNo2ZP1amtVYnY,63,1987-04-13,day,{'isrc': 'USRH11602187'},https://open.spotify.com/track/0hOA8SoraNo2ZP1amtVYnY,"[{'artist_name': 'Fleetwood Mac', 'artist_id': '08GQAI4eElDnROBrJRGE0X'}]",0.709,0.699,10.0,-11.905,0.0,0.0466,0.0291,0.295,0.0673,0.592,125.377,223733.0
Brilliant Disguise,0nqbZ17t9v52SCemAm1QP0,56,1987-10-09,day,{'isrc': 'USSM18700367'},https://open.spotify.com/track/0nqbZ17t9v52SCemAm1QP0,"[{'artist_name': 'Bruce Springsteen', 'artist_id': '3eqjTLE0HfPfh78zjh6TqT'}]",0.703,0.726,9.0,-12.438,1.0,0.029,0.152,1.45e-06,0.0319,0.949,126.353,254840.0
Sweet Child O' Mine,7snQQk1zcKl8gZ92AnueZW,86,1987-07-21,day,{'isrc': 'USGF18714809'},https://open.spotify.com/track/7snQQk1zcKl8gZ92AnueZW,"[{'artist_name': ""Guns N' Roses"", 'artist_id': '3qm84nBOXUEQ2vnTfUTTFC'}]",0.446,0.952,6.0,-5.321,1.0,0.0523,0.0901,0.0857,0.112,0.624,125.303,356067.0
Father Figure - Remastered - featured in 'Babygirl',0L0T4tMAaGqLgIVj1MOj9t,70,1987-10-30,day,{'isrc': 'GBARL1000856'},https://open.spotify.com/track/0L0T4tMAaGqLgIVj1MOj9t,"[{'artist_name': 'George Michael', 'artist_id': '19ra5tSw0tWufvUp8GotLo'}]",0.689,0.333,3.0,-13.288,1.0,0.0262,0.163,3.36e-05,0.0853,0.284,101.988,336667.0
Monkey - Remastered,2nzPzkGP9QSZ1lqvXTfyzT,42,1987-10-30,day,{'isrc': 'GBARL1000862'},https://open.spotify.com/track/2nzPzkGP9QSZ1lqvXTfyzT,"[{'artist_name': 'George Michael', 'artist_id': '19ra5tSw0tWufvUp8GotLo'}]",0.683,0.879,1.0,-9.487,0.0,0.0459,0.0955,0.0828,0.448,0.702,97.062,306120.0
Sign O' The Times - 2020 Remaster,7CqFMR3yj95Yuwagq5XsLR,44,1987-03-31,day,{'isrc': 'USRH12000001'},https://open.spotify.com/track/7CqFMR3yj95Yuwagq5XsLR,"[{'artist_name': 'Prince', 'artist_id': '5a2EaR3hamoenG9rDuVn8j'}]",,,,,,,,,,,,
Strangelove,6ZCyDN2ArlWB4GKAj644Cd,64,1998-09-28,day,{'isrc': 'GBAJH9800140'},https://open.spotify.com/track/6ZCyDN2ArlWB4GKAj644Cd,"[{'artist_name': 'Depeche Mode', 'artist_id': '762310PdDnwsDxAQxzQkfX'}]",,,,,,,,,,,,
Smooth Criminal - 2012 Remaster,5T7ywazdGIydr6JCW6t02j,75,1987-08-31,day,{'isrc': 'USSM11204989'},https://open.spotify.com/track/5T7ywazdGIydr6JCW6t02j,"[{'artist_name': 'Michael Jackson', 'artist_id': '3fMbdgg4jU18AjLCKBhRSm'}]",,,,,,,,,,,,
I Wanna Dance with Somebody (Who Loves Me),2tUBqZG2AbRi7Q0BIrVrEj,81,1987-06-02,day,{'isrc': 'USAR18700121'},https://open.spotify.com/track/2tUBqZG2AbRi7Q0BIrVrEj,"[{'artist_name': 'Whitney Houston', 'artist_id': '6XpaIBNiVzIetEPCWDvAFP'}]",0.709,0.824,1.0,-8.824,1.0,0.0453,0.207,0.000307,0.0888,0.867,118.814,291293.0
Didn't We Almost Have It All,19wadMw1A8XejDV4p5wMt1,62,1987-06-02,day,{'isrc': 'USAR18700115'},https://open.spotify.com/track/19wadMw1A8XejDV4p5wMt1,"[{'artist_name': 'Whitney Houston', 'artist_id': '6XpaIBNiVzIetEPCWDvAFP'}]",0.54,0.489,10.0,-10.151,1.0,0.0269,0.416,0.000915,0.142,0.336,130.984,305067.0
I Still Haven't Found What I'm Looking For,6wpGqhRvJGNNXwWlPmkMyO,78,1987-03-03,day,{'isrc': 'GBUM70709783'},https://open.spotify.com/track/6wpGqhRvJGNNXwWlPmkMyO,"[{'artist_name': 'U2', 'artist_id': '51Blml2LZPmy7TTiAg47vQ'}]",0.564,0.774,1.0,-9.424,1.0,0.0368,0.0135,0.00191,0.0861,0.657,100.894,277477.0
Where Do Broken Hearts Go,7tLtIZclwLWk54PFAyDv5T,64,1987-06-02,day,{'isrc': 'USAR18700112'},https://open.spotify.com/track/7tLtIZclwLWk54PFAyDv5T,"[{'artist_name': 'Whitney Houston', 'artist_id': '6XpaIBNiVzIetEPCWDvAFP'}]",0.464,0.386,2.0,-12.174,1.0,0.0292,0.632,0.0,0.0682,0.251,61.868,277600.0
Who's That Girl,3G0NNqwQ1sqRpySr6soHlH,56,1987-07-21,day,{'isrc': 'USWB10002766'},https://open.spotify.com/track/3G0NNqwQ1sqRpySr6soHlH,"[{'artist_name': 'Madonna', 'artist_id': '6tbjWDEIzxoDsBA1FuhfPW'}]",0.625,0.646,9.0,-13.592,0.0,0.0389,0.214,0.0533,0.0525,0.826,103.893,239173.0
"(I've Had) The Time Of My Life - From ""Dirty Dancing"" Soundtrack",6W7ztLBiRzBN46ZaPAcQ0F,67,1987-09-24,day,{'isrc': 'USRC10300895'},https://open.spotify.com/track/6W7ztLBiRzBN46ZaPAcQ0F,"[{'artist_name': 'Bill Medley', 'artist_id': '1XE70WwxhnrXNAJYQQ9ygx'}, {'artist_name': 'Jennifer Warnes', 'artist_id': '1BwHztAQKypBuy5WBEdJnG'}]",,,,,,,,,,,,
I Want Your Sex - Pts. 1 & 2 Remastered,6QnFHieoch6U9J8zfv6hml,50,1987-10-30,day,{'isrc': 'GBARL1000857'},https://open.spotify.com/track/6QnFHieoch6U9J8zfv6hml,"[{'artist_name': 'George Michael', 'artist_id': '19ra5tSw0tWufvUp8GotLo'}]",,,,,,,,,,,,
You Win Again,5mwzpzRue1SBWwrbbhXfbf,63,1987-09-01,day,{'isrc': 'USRH10722705'},https://open.spotify.com/track/5mwzpzRue1SBWwrbbhXfbf,"[{'artist_name': 'Bee Gees', 'artist_id': '1LZEQNv7sE11VDY3SdxQeN'}]",0.547,0.831,11.0,-11.298,0.0,0.0319,0.0874,8.34e-06,0.222,0.909,168.581,241400.0
With Or Without You,6ADSaE87h8Y3lccZlBJdXH,80,1987-03-03,day,{'isrc': 'GBUM70709792'},https://open.spotify.com/track/6ADSaE87h8Y3lccZlBJdXH,"[{'artist_name': 'U2', 'artist_id': '51Blml2LZPmy7TTiAg47vQ'}]",0.54,0.429,2.0,-11.822,1.0,0.0285,0.000202,0.355,0.141,0.113,110.171,295516.0
The Way You Make Me Feel - 2012 Remaster,76HKOVWqsEg26SECtmw7Rz,74,1987-08-31,day,{'isrc': 'USSM11204981'},https://open.spotify.com/track/76HKOVWqsEg26SECtmw7Rz,"[{'artist_name': 'Michael Jackson', 'artist_id': '3fMbdgg4jU18AjLCKBhRSm'}]",,,,,,,,,,,,
So Emotional,4l2Edgdj4vla02GCh7YyAv,56,1987-06-02,day,{'isrc': 'USAR18700122'},https://open.spotify.com/track/4l2Edgdj4vla02GCh7YyAv,"[{'artist_name': 'Whitney Houston', 'artist_id': '6XpaIBNiVzIetEPCWDvAFP'}]",0.698,0.792,11.0,-10.011,0.0,0.0496,0.268,5.17e-05,0.199,0.796,119.082,276667.0
"She's Like the Wind (feat. Wendy Fraser) - From ""Dirty Dancing"" Soundtrack",7BdXRaSlGAzhySfuW3y8h5,68,1987-09-24,day,{'isrc': 'USBMG0100040'},https://open.spotify.com/track/7BdXRaSlGAzhySfuW3y8h5,"[{'artist_name': 'Patrick Swayze', 'artist_id': '6dH5I8Q7HhXu74cBXkP0LD'}, {'artist_name': 'Wendy Fraser', 'artist_id': '2oSO8nxMHKOJKj7v8l0zWh'}]",0.586,0.331,4.0,-14.677,0.0,0.0295,0.256,1.67e-05,0.18,0.223,124.915,232907.0
Dirty Diana,6JZYMxvcoeLD4IifJPvDux,66,1979,year,{'isrc': 'USSM19909072'},https://open.spotify.com/track/6JZYMxvcoeLD4IifJPvDux,"[{'artist_name': 'Michael Jackson', 'artist_id': '3fMbdgg4jU18AjLCKBhRSm'}]",,,,,,,,,,,,
Man in the Mirror - 2012 Remaster,1kiNatIrwDusOZfR29W0LJ,66,2012-09-18,day,{'isrc': 'USSM11204986'},https://open.spotify.com/track/1kiNatIrwDusOZfR29W0LJ,"[{'artist_name': 'Michael Jackson', 'artist_id': '3fMbdgg4jU18AjLCKBhRSm'}]",0.808,0.812,8.0,-5.012,1.0,0.0381,0.52,7.91e-05,0.134,0.269,100.331,318680.0
Faith - Remastered - featured in 'Babygirl',0HEmnAUT8PHznIAAmVXqFJ,75,1987-10-30,day,{'isrc': 'GBARL1000855'},https://open.spotify.com/track/0HEmnAUT8PHznIAAmVXqFJ,"[{'artist_name': 'George Michael', 'artist_id': '19ra5tSw0tWufvUp8GotLo'}]",0.887,0.48,11.0,-11.994,1.0,0.117,0.0094,3.58e-05,0.0662,0.607,95.846,193200.0
I Just Can't Stop Loving You (feat. Siedah Garrett) - 2012 Remaster,2fytePz8UsbUr8n33QBEcm,61,2012-09-18,day,{'isrc': 'USSM11204987'},https://open.spotify.com/track/2fytePz8UsbUr8n33QBEcm,"[{'artist_name': 'Michael Jackson', 'artist_id': '3fMbdgg4jU18AjLCKBhRSm'}, {'artist_name': 'Siedah Garrett', 'artist_id': '7EVlecngyrLHfQUqFMpwkT'}]",0.657,0.467,5.0,-8.925,1.0,0.0341,0.667,1.92e-06,0.0295,0.276,100.139,251760.0
I Should Be so Lucky,0RggFSMfsJvAsrI4itTIzr,53,1988-07-04,day,{'isrc': 'GBBTK0900051'},https://open.spotify.com/track/0RggFSMfsJvAsrI4itTIzr,"[{'artist_name': 'Kylie Minogue', 'artist_id': '4RVnAU35WRWra6OZ3CbbMA'}]",,,,,,,,,,,,
The Loco-Motion,2hBR3npBmnfr1VWB3O64Jt,61,1988-07-04,day,{'isrc': 'GBBTK0900052'},https://open.spotify.com/track/2hBR3npBmnfr1VWB3O64Jt,"[{'artist_name': 'Kylie Minogue', 'artist_id': '4RVnAU35WRWra6OZ3CbbMA'}]",,,,,,,,,,,,
U Got The Look - 2020 Remaster,1NAf61L4b3jFgLJhThTQ8B,44,1987-03-31,day,{'isrc': 'USRH12000010'},https://open.spotify.com/track/1NAf61L4b3jFgLJhThTQ8B,"[{'artist_name': 'Prince', 'artist_id': '5a2EaR3hamoenG9rDuVn8j'}]",,,,,,,,,,,,
Got My Mind Set on You,4wswaG5vmNINMZcVBsAyBP,75,1987-11-02,day,{'isrc': 'GBEXP0300054'},https://open.spotify.com/track/4wswaG5vmNINMZcVBsAyBP,"[{'artist_name': 'George Harrison', 'artist_id': '7FIoB5PHdrMZVC3q2HE5MS'}]",,,,,,,,,,,,
One More Try - Remastered,5932kbyNt445gDTT2chRUS,62,1987-10-30,day,{'isrc': 'GBARL1000858'},https://open.spotify.com/track/5932kbyNt445gDTT2chRUS,"[{'artist_name': 'George Michael', 'artist_id': '19ra5tSw0tWufvUp8GotLo'}]",0.551,0.291,5.0,-12.544,1.0,0.0283,0.434,3.78e-05,0.11,0.0823,119.005,350667.0
Causing a Commotion,3sX3c6QUPSAiKf77RZRf5B,45,1987-07-21,day,{'isrc': 'USWB10002767'},https://open.spotify.com/track/3sX3c6QUPSAiKf77RZRf5B,"[{'artist_name': 'Madonna', 'artist_id': '6tbjWDEIzxoDsBA1FuhfPW'}]",0.771,0.749,5.0,-10.628,0.0,0.0401,0.216,0.00184,0.135,0.854,119.875,261667.0
Little Lies - 2017 Remaster,4CoSCPlKNrWli7E5kFtbcl,74,1987-04-13,day,{'isrc': 'USRH11602193'},https://open.spotify.com/track/4CoSCPlKNrWli7E5kFtbcl,"[{'artist_name': 'Fleetwood Mac', 'artist_id': '08GQAI4eElDnROBrJRGE0X'}]",0.64,0.649,2.0,-10.345,1.0,0.0264,0.216,8.3e-05,0.0551,0.865,124.825,221053.0
Bad - 2012 Remaster,5lWFrW5T3JtxVCLDb7etPu,67,2012-09-18,day,{'isrc': 'USSM11204980'},https://open.spotify.com/track/5lWFrW5T3JtxVCLDb7etPu,"[{'artist_name': 'Michael Jackson', 'artist_id': '3fMbdgg4jU18AjLCKBhRSm'}]",0.787,0.889,8.0,-3.786,1.0,0.0397,0.00462,0.423,0.0665,0.394,114.091,247360.0
Two Hearts - 2016 Remaster,0vDSWxRlWN0LWsSQdGIPuE,53,2016-10-14,day,{'isrc': 'USRH11603369'},https://open.spotify.com/track/0vDSWxRlWN0LWsSQdGIPuE,"[{'artist_name': 'Phil Collins', 'artist_id': '4lxfqrEsLX6N1N4OCSkILp'}]",0.568,0.912,7.0,-3.25,1.0,0.0366,0.297,0.0497,0.0717,0.729,155.546,204253.0
Alphabet St.,781jv9lCKdgP3qjxocB7r8,33,1988-05-10,day,{'isrc': 'USWB19903191'},https://open.spotify.com/track/781jv9lCKdgP3qjxocB7r8,"[{'artist_name': 'Prince', 'artist_id': '5a2EaR3hamoenG9rDuVn8j'}]",,,,,,,,,,,,
Desire,4D01oA1mGouaAT7fubvKRT,57,1988-10-10,day,{'isrc': 'GBAAN8890003'},https://open.spotify.com/track/4D01oA1mGouaAT7fubvKRT,"[{'artist_name': 'U2', 'artist_id': '51Blml2LZPmy7TTiAg47vQ'}]",0.49,0.827,8.0,-9.481,1.0,0.0482,0.000212,0.00406,0.112,0.626,108.577,179360.0
Bad Medicine,72hcFp4tYkd3dbNA9dZ3Pv,69,1988-09-13,day,{'isrc': 'USPR39402228'},https://open.spotify.com/track/72hcFp4tYkd3dbNA9dZ3Pv,"[{'artist_name': 'Bon Jovi', 'artist_id': '58lV9VcRSjABbAbfWS6skp'}]",0.555,0.973,9.0,-3.804,1.0,0.035,0.048,0.0,0.0853,0.805,118.642,316707.0
Lay Your Hands On Me,4oNktvBDV8PNZqZh6MgwZ3,51,1988-09-13,day,{'isrc': 'USPR39402223'},https://open.spotify.com/track/4oNktvBDV8PNZqZh6MgwZ3,"[{'artist_name': 'Bon Jovi', 'artist_id': '58lV9VcRSjABbAbfWS6skp'}]",,,,,,,,,,,,
I Don't Wanna Go On With You Like That,2Gd10PZnMktt3Cgo9s6yi0,53,1988-06-24,day,{'isrc': 'GBAMS8800004'},https://open.spotify.com/track/2Gd10PZnMktt3Cgo9s6yi0,"[{'artist_name': 'Elton John', 'artist_id': '3PhoLpVuITZKcymswpck5b'}]",0.643,0.89,9.0,-8.359,0.0,0.0325,0.042,0.00102,0.03,0.965,134.9,275373.0
One Moment in Time,5IDUGTWbntYwO9SNmhuSWf,60,2000-05-16,day,{'isrc': 'USAR19901006'},https://open.spotify.com/track/5IDUGTWbntYwO9SNmhuSWf,"[{'artist_name': 'Whitney Houston', 'artist_id': '6XpaIBNiVzIetEPCWDvAFP'}]",,,,,,,,,,,,
I'll Be There For You,07HqIg8BnB1lJElnw2ZiSR,69,1988-09-13,day,{'isrc': 'USPR39402229'},https://open.spotify.com/track/07HqIg8BnB1lJElnw2ZiSR,"[{'artist_name': 'Bon Jovi', 'artist_id': '58lV9VcRSjABbAbfWS6skp'}]",0.437,0.727,2.0,-5.432,1.0,0.0293,0.0532,0.0,0.103,0.233,73.029,346587.0
A Groovy Kind of Love - 2016 Remaster,3BSi5qoJGLab7rn7zfmTPA,57,2016-10-14,day,{'isrc': 'USRH11603370'},https://open.spotify.com/track/3BSi5qoJGLab7rn7zfmTPA,"[{'artist_name': 'Phil Collins', 'artist_id': '4lxfqrEsLX6N1N4OCSkILp'}]",,,,,,,,,,,,
Fast Car,2M9ro2krNb7nr7HSprkEgo,80,1988-04-05,day,{'isrc': 'USEE10180719'},https://open.spotify.com/track/2M9ro2krNb7nr7HSprkEgo,"[{'artist_name': 'Tracy Chapman', 'artist_id': '7oPgCQqMMXEXrNau5vxYZP'}]",0.711,0.292,4.0,-15.523,0.0,0.037,0.313,0.0,0.131,0.194,103.951,296800.0
Love Bites - Remastered 2017,3Dfy8YIxq89i84t108TvMi,65,1987-08-03,day,{'isrc': 'GBUM71701306'},https://open.spotify.com/track/3Dfy8YIxq89i84t108TvMi,"[{'artist_name': 'Def Leppard', 'artist_id': '6H1RjVyNruCmrBEWRbD0VZ'}]",0.59,0.743,0.0,-7.078,0.0,0.0347,0.067,0.00093,0.0847,0.413,129.79,346960.0
Born To Be My Baby,50ZpPgU81payZxI2H7QXNM,62,1988-09-13,day,{'isrc': 'USPR38800037'},https://open.spotify.com/track/50ZpPgU81payZxI2H7QXNM,"[{'artist_name': 'Bon Jovi', 'artist_id': '58lV9VcRSjABbAbfWS6skp'}]",0.534,0.959,7.0,-4.289,1.0,0.0379,0.0089,0.0,0.347,0.756,131.278,280107.0
Orinoco Flow - 2009 Remaster,4bQNusmmVudLxIiexglzh6,64,1988-09-05,day,{'isrc': 'GBAHT0900037'},https://open.spotify.com/track/4bQNusmmVudLxIiexglzh6,"[{'artist_name': 'Enya', 'artist_id': '6uothxMWeLWIhsGeF7cyo4'}]",,,,,,,,,,,,
One (Remastered),0LAcM6I7ijW4VVW0aytl1t,70,1988-09-07,day,{'isrc': 'QMKHM1700138'},https://open.spotify.com/track/0LAcM6I7ijW4VVW0aytl1t,"[{'artist_name': 'Metallica', 'artist_id': '2ye2Wgw4gimLv2eAKyk1NB'}]",0.438,0.687,7.0,-9.15,1.0,0.0619,0.000668,0.0801,0.42,0.426,103.01,446146.0
Kokomo,5qHYXcVvc9xsFB2uH7GpMN,70,2003-01-01,day,{'isrc': 'USNPD0713481'},https://open.spotify.com/track/5qHYXcVvc9xsFB2uH7GpMN,"[{'artist_name': 'The Beach Boys', 'artist_id': '3oDbviiivRWhXwIE8hxkVV'}]",,,,,,,,,,,,
Especially for You,4FtZb8xUFjcgjfnNR9xUau,52,1992-08-24,day,{'isrc': 'GBBTK0900093'},https://open.spotify.com/track/4FtZb8xUFjcgjfnNR9xUau,"[{'artist_name': 'Kylie Minogue', 'artist_id': '4RVnAU35WRWra6OZ3CbbMA'}, {'artist_name': 'Jason Donovan', 'artist_id': '5bnNgwp3nooah9yHAHsnR4'}]",,,,,,,,,,,,
Like a Prayer,1z3ugFmUKoCzGsI6jdY4Ci,75,2009-09-18,day,{'isrc': 'USWB10903606'},https://open.spotify.com/track/1z3ugFmUKoCzGsI6jdY4Ci,"[{'artist_name': 'Madonna', 'artist_id': '6tbjWDEIzxoDsBA1FuhfPW'}]",0.624,0.842,5.0,-5.285,1.0,0.0376,0.264,2.11e-05,0.181,0.257,111.037,342680.0
Miss You Much,4r5VaK6H1bq0cTGPMTN97Z,49,1989-09-19,day,{'isrc': 'USAM10110363'},https://open.spotify.com/track/4r5VaK6H1bq0cTGPMTN97Z,"[{'artist_name': 'Janet Jackson', 'artist_id': '4qwGe91Bz9K2T8jXTZ815W'}]",0.702,0.975,6.0,-7.968,0.0,0.0396,0.0305,0.000134,0.165,0.646,115.185,252333.0
Another Day in Paradise - 2016 Remaster,1NCuYqMc8hKMb4cpNTcJbD,79,1989-11-20,day,{'isrc': 'USRH11602150'},https://open.spotify.com/track/1NCuYqMc8hKMb4cpNTcJbD,"[{'artist_name': 'Phil Collins', 'artist_id': '4lxfqrEsLX6N1N4OCSkILp'}]",0.78,0.565,3.0,-7.32,0.0,0.0306,0.736,0.00269,0.063,0.365,101.967,322133.0
Just Like Jesse James,5JGdpqo9wrRtOZtui5GShI,60,1989-01-01,day,{'isrc': 'USGF18923902'},https://open.spotify.com/track/5JGdpqo9wrRtOZtui5GShI,"[{'artist_name': 'Cher', 'artist_id': '72OaDtakiy6yFqkt4TsiFt'}]",0.4,0.563,8.0,-10.233,1.0,0.0307,0.17,0.0,0.133,0.442,138.006,245733.0
Express Yourself,6ioBgySxoeQKALvAeLEmId,54,2009-09-18,day,{'isrc': 'USWB10903609'},https://open.spotify.com/track/6ioBgySxoeQKALvAeLEmId,"[{'artist_name': 'Madonna', 'artist_id': '6tbjWDEIzxoDsBA1FuhfPW'}]",0.667,0.93,7.0,-4.585,1.0,0.0608,0.0108,0.0,0.176,0.893,115.57,239093.0
Alright,63W4sfeRTTiNKFLAzUJHFe,37,1989-09-19,day,{'isrc': 'USAM10110366'},https://open.spotify.com/track/63W4sfeRTTiNKFLAzUJHFe,"[{'artist_name': 'Janet Jackson', 'artist_id': '4qwGe91Bz9K2T8jXTZ815W'}]",,,,,,,,,,,,
Rhythm Nation,4nTYxxF8iWBq54LO3dBUie,49,1989-09-19,day,{'isrc': 'USAM10110358'},https://open.spotify.com/track/4nTYxxF8iWBq54LO3dBUie,"[{'artist_name': 'Janet Jackson', 'artist_id': '4qwGe91Bz9K2T8jXTZ815W'}]",0.633,0.931,1.0,-7.752,1.0,0.0686,0.0504,0.109,0.375,0.676,109.116,330933.0
Escapade,5HAv1Ckfe50DUjv8ghwTrz,54,1989-09-19,day,{'isrc': 'USAM18900717'},https://open.spotify.com/track/5HAv1Ckfe50DUjv8ghwTrz,"[{'artist_name': 'Janet Jackson', 'artist_id': '4qwGe91Bz9K2T8jXTZ815W'}]",,,,,,,,,,,,
The Best,6pPWRBubXOBAHnjl5ZIujB,73,1989-09-13,day,{'isrc': 'USCA28900109'},https://open.spotify.com/track/6pPWRBubXOBAHnjl5ZIujB,"[{'artist_name': 'Tina Turner', 'artist_id': '1zuJe6b1roixEKMOtyrEak'}]",,,,,,,,,,,,
Come Back To Me,0NSSqYISjnav81CEn6EgBY,45,1989-09-19,day,{'isrc': 'USAM18900853'},https://open.spotify.com/track/0NSSqYISjnav81CEn6EgBY,"[{'artist_name': 'Janet Jackson', 'artist_id': '4qwGe91Bz9K2T8jXTZ815W'}]",,,,,,,,,,,,
Black Cat,4tYpYYoOI7WDxbCnPninwE,41,1989-09-19,day,{'isrc': 'USAM18900851'},https://open.spotify.com/track/4tYpYYoOI7WDxbCnPninwE,"[{'artist_name': 'Janet Jackson', 'artist_id': '4qwGe91Bz9K2T8jXTZ815W'}]",,,,,,,,,,,,
If I Could Turn Back Time,6mYrhCAGWzTdF8QnKuchXM,72,1989-01-01,day,{'isrc': 'USGF18923901'},https://open.spotify.com/track/6mYrhCAGWzTdF8QnKuchXM,"[{'artist_name': 'Cher', 'artist_id': '72OaDtakiy6yFqkt4TsiFt'}]",0.658,0.575,11.0,-10.365,1.0,0.0267,0.243,0.0,0.122,0.504,108.329,239827.0
Love Will Never Do (Without You),1SkJ8HjZUZRPYT3R2rh5sA,45,1989-09-19,day,{'isrc': 'USAM19500719'},https://open.spotify.com/track/1SkJ8HjZUZRPYT3R2rh5sA,"[{'artist_name': 'Janet Jackson', 'artist_id': '4qwGe91Bz9K2T8jXTZ815W'}]",,,,,,,,,,,,
Sacrifice,0e3yhVeNaTfKIWQRw9U9sY,75,1989-08-29,day,{'isrc': 'GBALX8900001'},https://open.spotify.com/track/0e3yhVeNaTfKIWQRw9U9sY,"[{'artist_name': 'Elton John', 'artist_id': '3PhoLpVuITZKcymswpck5b'}]",,,,,,,,,,,,
We Didn't Start the Fire,3Cx4yrFaX8CeHwBMReOWXI,76,1989-10-17,day,{'isrc': 'USSM18900217'},https://open.spotify.com/track/3Cx4yrFaX8CeHwBMReOWXI,"[{'artist_name': 'Billy Joel', 'artist_id': '6zFYqv1mOsgBRQbae3JJ9e'}]",0.712,0.967,7.0,-5.206,1.0,0.047,0.0771,0.0,0.356,0.895,145.024,287733.0
Personal Jesus - Single Version,4UCTgh5jvtqoaMX6MAhUNn,69,1998-09-28,day,{'isrc': 'GBAJH9800145'},https://open.spotify.com/track/4UCTgh5jvtqoaMX6MAhUNn,"[{'artist_name': 'Depeche Mode', 'artist_id': '762310PdDnwsDxAQxzQkfX'}]",,,,,,,,,,,,
Batdance,4DbUk1qwcz9KKcUY4t8f8u,45,1989-06-20,day,{'isrc': 'USWB19900683'},https://open.spotify.com/track/4DbUk1qwcz9KKcUY4t8f8u,"[{'artist_name': 'Prince', 'artist_id': '5a2EaR3hamoenG9rDuVn8j'}]",,,,,,,,,,,,
Little Red Corvette,1gnkotdghLOSDg4OoliVRD,44,1993-09-14,day,{'isrc': 'USWB10003038'},https://open.spotify.com/track/1gnkotdghLOSDg4OoliVRD,"[{'artist_name': 'Prince', 'artist_id': '5a2EaR3hamoenG9rDuVn8j'}]",,,,,,,,,,,,
1999 - 2019 Remaster,2QSUyofqpGDCo026OPiTBQ,56,1982-10-27,day,{'isrc': 'USRH11902851'},https://open.spotify.com/track/2QSUyofqpGDCo026OPiTBQ,"[{'artist_name': 'Prince', 'artist_id': '5a2EaR3hamoenG9rDuVn8j'}]",,,,,,,,,,,,
I Would Die 4 U,3QszJeuSyyZQmD9pY1tqpo,59,1984-06-25,day,{'isrc': 'USWB12402102'},https://open.spotify.com/track/3QszJeuSyyZQmD9pY1tqpo,"[{'artist_name': 'Prince', 'artist_id': '5a2EaR3hamoenG9rDuVn8j'}]",,,,,,,,,,,,
Let's Go Crazy,6FMIVQPZg9cmMY8hPxAacD,66,1984-06-25,day,{'isrc': 'USWB19903188'},https://open.spotify.com/track/6FMIVQPZg9cmMY8hPxAacD,"[{'artist_name': 'Prince', 'artist_id': '5a2EaR3hamoenG9rDuVn8j'}]",,,,,,,,,,,,
Purple Rain,1uvyZBs4IZYRebHIB1747m,75,1984-06-25,day,{'isrc': 'USWB10001880'},https://open.spotify.com/track/1uvyZBs4IZYRebHIB1747m,"[{'artist_name': 'Prince', 'artist_id': '5a2EaR3hamoenG9rDuVn8j'}]",,,,,,,,,,,,
When Doves Cry,6sby78fghipoXHQLeeZFFH,71,1984-06-25,day,{'isrc': 'USWB10001877'},https://open.spotify.com/track/6sby78fghipoXHQLeeZFFH,"[{'artist_name': 'Prince', 'artist_id': '5a2EaR3hamoenG9rDuVn8j'}]",,,,,,,,,,,,
Somebody's Watching Me,2H2379xRxgQVvcOSoL8Ajr,55,2012-02-01,day,{'isrc': 'USMO18400484'},https://open.spotify.com/track/2H2379xRxgQVvcOSoL8Ajr,"[{'artist_name': 'Rockwell', 'artist_id': '3xs0LEzcPXtgNfMNcHzLIP'}]",,,,,,,,,,,,
Raspberry Beret,2I1W3hcSsPIsEJfD69pHrW,63,1985-04-22,day,{'isrc': 'USWB19902876'},https://open.spotify.com/track/2I1W3hcSsPIsEJfD69pHrW,"[{'artist_name': 'Prince', 'artist_id': '5a2EaR3hamoenG9rDuVn8j'}]",,,,,,,,,,,,
Kiss,62LJFaYihsdVrrkgUOJC05,74,1986-03-31,day,{'isrc': 'USWB19903319'},https://open.spotify.com/track/62LJFaYihsdVrrkgUOJC05,"[{'artist_name': 'Prince', 'artist_id': '5a2EaR3hamoenG9rDuVn8j'}]",0.898,0.271,7.0,-12.238,1.0,0.091,0.0135,0.00138,0.0461,0.742,111.485,226240.0
Wipeout,17zC9AEvxzPsu8OFc9rmev,34,1987-08-14,day,{'isrc': 'USUM72103487'},https://open.spotify.com/track/17zC9AEvxzPsu8OFc9rmev,"[{'artist_name': 'Fat Boys', 'artist_id': '3537Phr9t8GWkY2GtxDpnt'}, {'artist_name': 'The Beach Boys', 'artist_id': '3oDbviiivRWhXwIE8hxkVV'}]",,,,,,,,,,,,
